timestamp,open,high,low,close,volume
1768953600,62500.0,62534.15,62312.0,62326.44,148.39
1768953900,62326.44,62525.09,62102.84,62336.78,364.16
1768954200,62336.78,62613.78,62297.86,62355.98,291.3
1768954500,62355.98,62475.9,61548.31,61658.41,180.22
1768954800,61658.41,62015.33,61658.41,62015.33,341.62
1768955100,62015.33,62015.33,61276.58,61276.58,399.2
1768955400,61276.58,61795.58,61273.39,61548.74,461.55
1768955700,61548.74,62320.26,61455.47,62320.26,279.29
1768956000,62320.26,62843.1,62320.26,62839.36,486.99
1768956300,62839.36,62851.57,62284.9,62339.46,479.22
1768956600,62339.46,62476.48,62261.67,62359.83,393.13
1768956900,62359.83,62359.83,62081.06,62182.36,76.07
1768957200,62182.36,62673.86,62182.36,62476.68,169.28
1768957500,62476.68,62790.65,62413.4,62602.42,282.91
1768957800,62602.42,63426.87,62602.42,63426.87,436.84
1768958100,63426.87,63851.36,63426.87,63482.45,135.68
1768958400,63482.45,63670.13,63352.16,63418.32,437.75
1768958700,63418.32,63655.41,63375.04,63532.17,72.76
1768959000,63532.17,64058.21,63532.17,63892.16,220.54
1768959300,63892.16,64012.32,63590.16,63808.41,183.52
1768959600,63808.41,64090.77,63641.64,64090.77,86.05
1768959900,64090.77,64748.86,64090.77,64557.87,312.65
1768960200,64557.87,64606.96,64216.06,64568.14,82.64
1768960500,64568.14,64650.45,64119.17,64545.8,120.99
1768960800,64545.8,64646.69,63444.2,63444.2,110.43
1768961100,63444.2,63529.27,63117.4,63473.33,457.4
1768961400,63473.33,63637.59,63327.93,63327.93,242.46
1768961700,63327.93,63584.37,63003.58,63156.48,454.55
1768962000,63156.48,63228.08,62710.31,62807.15,119.55
1768962300,62807.15,63204.1,62807.15,63108.22,438.83
1768962600,63108.22,63269.76,63001.15,63191.6,407.91
1768962900,63191.6,63585.51,63191.54,63401.41,291.3
1768963200,63401.41,63763.81,63401.41,63639.14,322.8
1768963500,63639.14,63639.14,63188.18,63188.18,351.79
1768963800,63188.18,63192.63,62941.67,63114.47,231.09
1768964100,63114.47,63158.87,62520.27,62520.27,179.12
1768964400,62520.27,62520.27,61927.26,61927.26,88.16
1768964700,61927.26,61927.26,61619.62,61832.1,263.82
1768965000,61832.1,62005.68,61671.81,61898.41,387.95
1768965300,61898.41,62116.98,61779.07,62005.22,410.65
1768965600,62005.22,62005.22,60880.59,60880.59,453.76
1768965900,60880.59,60880.59,60334.19,60382.23,178.59
1768966200,60382.23,60600.14,60368.02,60502.77,237.11
1768966500,60502.77,60791.79,60290.55,60407.3,389.09
1768966800,60407.3,60588.58,60069.25,60153.35,201.27
1768967100,60153.35,60553.93,59990.64,60517.12,339.26
1768967400,60517.12,60997.7,60517.12,60652.43,163.54
1768967700,60652.43,60685.5,59668.27,60000.0,139.73
1768968000,60000.0,60331.32,59962.12,60186.33,386.61
1768968300,60186.33,60666.24,60106.26,60221.65,84.21
1768968600,60221.65,60771.19,60003.01,60661.51,242.8
1768968900,60661.51,60927.79,60539.46,60759.84,246.01
1768969200,60759.84,60759.84,60257.16,60541.47,423.9
1768969500,60541.47,61249.33,60541.47,61249.33,409.1
1768969800,61249.33,61788.87,61113.75,61596.31,360.85
1768970100,61596.31,61673.63,61358.29,61549.49,241.53
1768970400,61549.49,61549.49,61207.46,61207.46,133.35
1768970700,61207.46,61375.04,60876.59,61075.71,56.38
1768971000,61075.71,61112.55,60959.63,60996.11,261.31
1768971300,60996.11,61320.16,60923.76,61058.77,117.18
1768971600,61058.77,61058.77,60619.71,60619.71,249.32
1768971900,60619.71,60854.81,60392.14,60659.75,120.73
1768972200,60659.75,60932.07,60659.75,60765.21,359.49
1768972500,60765.21,60955.39,60452.99,60519.64,82.18
1768972800,60519.64,60662.05,60305.79,60388.97,272.36
1768973100,60388.97,60660.28,60206.53,60206.53,500.11
1768973400,60206.53,60324.57,59979.32,60000.0,271.46
1768973700,60000.0,60287.61,60000.0,60209.93,297.76
1768974000,60209.93,60421.96,59997.74,60256.19,134.52
1768974300,60256.19,60298.29,59992.78,60164.44,488.35
1768974600,60164.44,60449.2,60039.74,60392.7,424.88
1768974900,60392.7,60392.7,59938.8,60119.8,279.01
1768975200,60119.8,60304.05,59951.37,60050.43,314.49
1768975500,60050.43,60439.99,60050.43,60312.92,364.34
1768975800,60312.92,60312.92,59603.71,60000.0,492.06
1768976100,60000.0,60000.0,59528.92,60000.0,234.85
1768976400,60000.0,60000.0,59340.83,60000.0,221.38
1768976700,60000.0,60111.77,59542.55,60000.0,245.74
1768977000,60000.0,60328.98,59901.99,60249.74,115.74
1768977300,60249.74,60346.32,60016.29,60242.87,258.08
1768977600,60242.87,60830.97,60240.78,60830.97,338.33
1768977900,60830.97,60929.45,60416.86,60416.86,183.33
1768978200,60416.86,60699.12,60382.0,60387.58,179.3
1768978500,60387.58,60437.67,59800.02,60000.0,457.95
1768978800,60000.0,60000.0,59654.68,60000.0,293.72
1768979100,60000.0,60411.27,60000.0,60107.63,102.2
1768979400,60107.63,60390.81,59954.3,60139.97,56.49
1768979700,60139.97,60139.97,59436.66,60000.0,449.84
1768980000,60000.0,60071.44,59548.22,60071.44,187.84
1768980300,60071.44,60071.44,59435.55,60000.0,120.14
1768980600,60000.0,60118.05,59799.18,60046.0,95.23
1768980900,60046.0,60259.84,59848.93,60139.5,340.78
1768981200,60139.5,60635.54,60038.73,60635.54,444.2
1768981500,60635.54,61028.57,60603.25,61028.57,62.03
1768981800,61028.57,61434.87,61028.57,61134.58,403.1
1768982100,61134.58,61134.58,60718.3,60800.04,78.0
1768982400,60800.04,60879.49,60510.06,60879.49,337.8
1768982700,60879.49,61149.06,60730.14,61007.52,399.75
1768983000,61007.52,61007.52,60713.84,60793.75,220.64
1768983300,60793.75,61561.37,60793.75,61112.55,306.01
1768983600,61112.55,61172.5,60396.85,60396.85,313.69
1768983900,60396.85,60742.92,60365.6,60365.6,494.68
1768984200,60365.6,60449.92,60245.22,60290.58,205.66
1768984500,60290.58,61011.87,60290.58,61011.87,206.35
1768984800,61011.87,61181.18,60878.38,61050.09,353.27
1768985100,61050.09,61429.31,60901.35,61263.25,71.61
1768985400,61263.25,61743.32,61132.27,61743.32,131.36
1768985700,61743.32,61776.16,61468.13,61776.16,446.3
1768986000,61776.16,61776.16,61207.95,61207.95,473.35
1768986300,61207.95,61704.79,61207.95,61654.7,285.81
1768986600,61654.7,61958.17,61588.57,61703.22,328.55
1768986900,61703.22,61819.27,61494.21,61562.37,344.22
1768987200,61562.37,61562.37,61116.24,61540.36,194.7
1768987500,61540.36,61653.51,61113.52,61149.69,417.78
1768987800,61149.69,61568.86,61014.37,61568.86,210.69
1768988100,61568.86,61568.86,61296.67,61368.4,241.42
1768988400,61368.4,61465.26,61026.04,61026.04,473.41
1768988700,61026.04,61103.06,60452.0,60452.0,196.15
1768989000,60452.0,60518.64,59903.62,60000.0,220.98
1768989300,60000.0,60380.52,59951.07,60334.52,413.04
1768989600,60334.52,60462.31,60242.29,60242.29,431.94
1768989900,60242.29,60656.53,60242.29,60561.88,197.91
1768990200,60561.88,60773.66,60443.72,60578.63,508.3
1768990500,60578.63,60667.68,60120.42,60120.42,187.41
1768990800,60120.42,60128.55,59783.49,60053.82,77.97
1768991100,60053.82,60494.02,59965.11,60299.63,189.35
1768991400,60299.63,60689.33,60226.0,60557.72,400.07
1768991700,60557.72,61003.47,60465.89,61003.47,338.86
1768992000,61003.47,61291.51,61003.47,61220.71,521.47
1768992300,61220.71,61419.12,60711.91,60825.68,61.37
1768992600,60825.68,60852.66,60126.62,60126.62,138.41
1768992900,60126.62,60151.33,59661.98,60000.0,150.75
1768993200,60000.0,60343.18,59630.09,60000.0,475.94
1768993500,60000.0,60039.43,59530.84,60000.0,506.41
1768993800,60000.0,60000.0,59266.78,60000.0,205.06
1768994100,60000.0,60340.43,59679.44,60340.43,522.18
1768994400,60340.43,60594.93,60196.92,60404.14,88.31
1768994700,60404.14,60424.91,59976.73,60000.0,318.58
1768995000,60000.0,60024.27,59755.13,60000.0,278.46
1768995300,60000.0,60481.82,60000.0,60280.91,398.02
1768995600,60280.91,60340.88,59914.55,60000.0,456.26
1768995900,60000.0,60026.21,59760.7,60000.0,366.38
1768996200,60000.0,60334.1,60000.0,60216.9,285.72
1768996500,60216.9,60221.0,59969.0,60080.54,120.41
1768996800,60080.54,60553.83,60080.54,60553.83,340.55
1768997100,60553.83,61172.81,60529.95,60978.71,493.21
1768997400,60978.71,60978.71,60064.41,60150.37,316.74
1768997700,60150.37,60195.63,59982.56,60195.63,311.27
1768998000,60195.63,60504.87,60189.93,60302.49,226.18
1768998300,60302.49,60370.86,60209.65,60236.85,231.86
1768998600,60236.85,60236.85,59805.62,60000.0,573.11
1768998900,60000.0,60442.29,60000.0,60173.54,531.4
1768999200,60173.54,60173.54,59581.05,60000.0,210.26
1768999500,60000.0,60689.6,60000.0,60609.01,335.67
1768999800,60609.01,60726.66,60334.03,60480.95,148.97
1769000100,60480.95,60810.1,60480.95,60493.86,429.94
1769000400,60493.86,60689.56,60044.2,60044.2,379.57
1769000700,60044.2,60362.65,59764.43,60362.65,122.55
1769001000,60362.65,60889.82,60362.65,60724.72,139.03
1769001300,60724.72,60857.48,60603.05,60768.47,467.09
1769001600,60768.47,60993.55,60395.61,60993.55,179.85
1769001900,60993.55,61120.63,60697.06,61105.69,528.32
1769002200,61105.69,61328.06,61057.03,61067.92,371.59
1769002500,61067.92,61402.09,61016.02,61016.02,301.81
1769002800,61016.02,61016.02,60350.32,60510.59,179.85
1769003100,60510.59,60614.58,60207.3,60349.54,166.75
1769003400,60349.54,60875.72,60349.54,60764.28,70.58
1769003700,60764.28,60928.44,60613.19,60613.19,179.28
1769004000,60613.19,60949.59,60613.19,60725.4,574.03
1769004300,60725.4,60907.1,60608.43,60855.7,206.96
1769004600,60855.7,60963.88,60499.07,60963.88,310.23
1769004900,60963.88,61144.86,60571.05,61144.86,159.68
1769005200,61144.86,61144.86,60682.97,60889.93,598.1
1769005500,60889.93,61070.92,60680.24,60680.24,268.44
1769005800,60680.24,61061.92,60613.08,60791.89,103.78
1769006100,60791.89,60791.89,60313.75,60350.2,683.06
1769006400,60350.2,60402.47,59854.38,60000.0,685.98
1769006700,60000.0,60081.17,59530.32,60000.0,405.03
1769007000,60000.0,60000.0,59438.16,60000.0,225.19
1769007300,60000.0,60439.16,59945.49,60361.54,200.18
1769007600,60361.54,60657.72,60144.31,60657.72,106.27
1769007900,60657.72,60657.72,60369.68,60433.48,491.52
1769008200,60433.48,61133.21,60433.48,60451.22,673.93
1769008500,60451.22,60451.22,60112.34,60234.59,526.46
1769008800,60234.59,60326.59,59290.42,60000.0,618.86
1769009100,60000.0,60391.69,59992.41,60000.0,434.47
1769009400,60000.0,60392.89,59642.32,60392.77,230.28
1769009700,60392.77,60410.42,60090.6,60234.55,397.59
1769010000,60234.55,60709.99,60234.55,60593.53,243.91
1769010300,60593.53,60769.47,60390.32,60390.32,242.47
1769010600,60390.32,60601.86,60047.22,60352.38,431.27
1769010900,60352.38,60741.49,60293.75,60542.97,541.85
1769011200,60542.97,60697.97,60330.05,60504.42,81.65
1769011500,60504.42,60504.42,60157.56,60234.06,173.1
1769011800,60234.06,60462.97,60224.24,60392.27,530.62
1769012100,60392.27,60510.81,60319.97,60510.81,408.59
1769012400,60510.81,60567.36,60088.7,60380.91,393.06
1769012700,60380.91,60720.53,60380.91,60682.01,579.49
1769013000,60682.01,60921.45,60535.03,60921.45,168.76
1769013300,60921.45,61116.65,60636.88,60636.88,341.79
1769013600,60636.88,60946.17,60556.94,60661.63,132.6
1769013900,60661.63,60661.63,60258.07,60310.51,78.43
1769014200,60310.51,60605.74,60269.93,60578.02,137.75
1769014500,60578.02,60631.38,60353.68,60609.97,189.45
1769014800,60609.97,60935.98,60561.63,60935.98,241.45
1769015100,60935.98,61058.72,60679.6,60955.92,300.91
1769015400,60955.92,61473.09,60758.96,61401.79,271.6
1769015700,61401.79,61401.79,60870.95,60870.95,442.84
1769016000,60870.95,60870.95,60550.46,60624.91,350.52
1769016300,60624.91,60882.92,60385.87,60777.1,415.76
1769016600,60777.1,60940.9,60414.03,60697.98,516.73
1769016900,60697.98,61160.56,60590.77,60676.34,248.24
1769017200,60676.34,60676.34,59986.08,60000.0,90.91
1769017500,60000.0,60501.8,60000.0,60501.8,392.75
1769017800,60501.8,60518.92,60280.62,60280.62,730.72
1769018100,60280.62,60657.74,60280.62,60434.09,93.41
1769018400,60434.09,60434.09,59840.51,60000.0,652.8
1769018700,60000.0,60170.59,59607.86,60000.0,303.96
1769019000,60000.0,60201.39,59809.27,60201.39,194.2
1769019300,60201.39,60201.39,59010.83,60000.0,438.3
1769019600,60000.0,60346.25,59887.34,60061.26,404.37
1769019900,60061.26,60063.84,59687.5,60063.84,423.95
1769020200,60063.84,60302.06,59957.52,60199.0,607.91
1769020500,60199.0,60434.49,59979.94,60328.37,298.1
1769020800,60328.37,60702.16,60263.0,60339.91,178.95
1769021100,60339.91,60529.92,60276.98,60276.98,243.37
1769021400,60276.98,60638.33,60152.22,60449.19,625.59
1769021700,60449.19,60737.98,60127.28,60195.16,474.58
1769022000,60195.16,60434.69,60092.19,60434.69,535.17
1769022300,60434.69,60593.62,60130.95,60593.62,592.9
1769022600,60593.62,60646.01,60360.57,60480.02,147.78
1769022900,60480.02,61643.88,60460.2,61643.88,240.58
1769023200,61643.88,62002.68,61329.63,62002.68,506.31
1769023500,62002.68,62270.78,61955.48,62075.36,150.36
1769023800,62075.36,62615.28,62074.46,62548.39,678.56
1769024100,62548.39,62956.09,62548.39,62678.62,593.48
1769024400,62678.62,62760.39,62352.78,62645.05,403.81
1769024700,62645.05,62645.05,62083.87,62083.87,245.68
1769025000,62083.87,62881.49,62083.87,62829.82,627.66
1769025300,62829.82,63182.82,62740.74,62937.84,222.88
1769025600,62937.84,63028.4,62505.31,62815.68,431.54
1769025900,62815.68,62903.61,62585.16,62629.91,104.54
1769026200,62629.91,62629.91,62356.04,62547.15,499.38
1769026500,62547.15,62876.63,62547.15,62766.05,519.89
1769026800,62766.05,63170.44,62735.22,63102.12,327.95
1769027100,63102.12,63121.43,62747.57,62916.01,89.29
1769027400,62916.01,63364.95,62784.03,63257.74,303.41
1769027700,63257.74,63392.81,63088.93,63392.81,620.99
1769028000,63392.81,63500.44,63295.46,63500.44,234.44
1769028300,63500.44,63500.44,63024.76,63086.69,292.56
1769028600,63086.69,63352.8,62731.05,62731.05,357.58
1769028900,62731.05,63614.18,62731.05,63265.16,268.15
1769029200,63265.16,63424.45,63199.73,63269.41,205.07
1769029500,63269.41,63387.28,63085.66,63157.56,145.99
1769029800,63157.56,63534.64,63157.56,63534.64,434.02
1769030100,63534.64,63888.28,63450.69,63680.43,200.93
1769030400,63680.43,63712.26,63352.48,63433.85,506.51
1769030700,63433.85,63547.69,63031.99,63031.99,93.91
1769031000,63031.99,63806.37,63031.99,63806.37,496.01
1769031300,63806.37,64216.34,63696.53,64216.34,188.69
1769031600,64216.34,64640.63,64179.15,64430.79,480.14
1769031900,64430.79,64538.65,63874.54,63926.24,224.81
1769032200,63926.24,64411.68,63904.32,63952.39,399.32
1769032500,63952.39,64396.33,63927.84,64250.26,494.6
1769032800,64250.26,64549.96,63763.52,63763.52,154.0
1769033100,63763.52,64026.09,63763.52,63941.84,526.66
1769033400,63941.84,64037.12,63655.45,63927.14,487.63
1769033700,63927.14,64351.43,63670.92,64351.43,457.54
1769034000,64351.43,64943.73,64351.43,64380.76,210.75
1769034300,64380.76,64545.83,63940.35,64545.83,518.02
1769034600,64545.83,65276.83,64216.56,65000.0,99.83
1769034900,65000.0,65015.13,64772.82,65000.0,247.2
1769035200,65000.0,65000.0,64515.78,64814.65,395.28
1769035500,64814.65,65116.8,64721.48,65000.0,324.52
1769035800,65000.0,65045.84,64729.56,64786.83,104.28
1769036100,64786.83,64890.43,64493.36,64797.66,465.1
1769036400,64797.66,64967.9,64675.33,64857.5,94.05
1769036700,64857.5,64919.15,64614.4,64625.36,270.29
1769037000,64625.36,65155.36,64613.07,65000.0,523.17
1769037300,65000.0,65000.0,64558.78,64633.52,91.6
1769037600,64633.52,64800.91,64108.44,64108.44,526.14
1769037900,64108.44,64842.98,64108.44,64756.31,489.21
1769038200,64756.31,64800.67,64478.69,64478.69,302.4
1769038500,64478.69,64681.79,64361.74,64594.78,307.7
1769038800,64594.78,64630.75,64348.16,64348.16,71.11
1769039100,64348.16,65032.41,64348.16,65000.0,285.13
1769039400,65000.0,65082.21,64827.85,64920.85,141.09
1769039700,64920.85,65213.62,64821.16,64963.82,116.12
1769040000,64963.82,65232.61,64906.71,65000.0,173.29
1769040300,65000.0,65068.45,64835.27,64860.66,207.39
1769040600,64860.66,65618.52,64860.66,65000.0,341.32
1769040900,65000.0,65000.0,64677.12,64730.0,53.81
1769041200,64730.0,65162.17,64726.25,65000.0,354.74
1769041500,65000.0,65158.76,64660.06,64660.06,98.65
1769041800,64660.06,65316.25,64660.06,65000.0,454.86
1769042100,65000.0,65079.63,63693.06,63825.23,224.72
1769042400,63825.23,64064.59,63582.88,63635.18,278.29
1769042700,63635.18,63888.77,63570.77,63807.67,355.87
1769043000,63807.67,64203.31,63696.87,64203.31,261.74
1769043300,64203.31,64334.9,64189.75,64256.5,434.41
1769043600,64256.5,64495.73,64236.49,64348.85,333.97
1769043900,64348.85,64704.58,64348.85,64439.03,326.52
1769044200,64439.03,64564.16,64253.78,64564.16,135.76
1769044500,64564.16,64852.33,64321.01,64852.33,184.19
1769044800,64852.33,65160.91,64729.61,64973.23,476.64
1769045100,64973.23,65558.3,64973.23,65000.0,66.81
1769045400,65000.0,65142.28,64922.87,64922.87,221.11
1769045700,64922.87,65016.17,64574.38,64748.92,111.72
1769046000,64748.92,64986.99,64648.08,64986.99,140.75
1769046300,64986.99,65409.57,64851.03,65000.0,425.86
1769046600,65000.0,65242.2,64899.0,65000.0,258.93
1769046900,65000.0,65278.36,65000.0,65000.0,433.4
1769047200,65000.0,65035.95,64534.43,65000.0,483.04
1769047500,65000.0,65416.19,64732.8,65000.0,121.73
1769047800,65000.0,65000.0,64658.59,64658.59,488.05
1769048100,64658.59,65491.48,64658.59,65000.0,309.49
1769048400,65000.0,65000.0,64141.29,64522.67,354.34
1769048700,64522.67,64742.08,64005.77,64532.32,83.69
1769049000,64532.32,64687.48,64436.42,64496.95,251.65
1769049300,64496.95,64686.97,64462.05,64603.97,321.9
1769049600,64603.97,64603.97,63900.22,64094.51,302.07
1769049900,64094.51,64205.66,63608.35,63914.7,181.4
1769050200,63914.7,64069.86,63690.06,63882.32,468.61
1769050500,63882.32,64103.09,63690.99,63690.99,252.73
1769050800,63690.99,63690.99,63250.83,63405.06,464.54
1769051100,63405.06,63645.66,63278.84,63512.67,462.17
1769051400,63512.67,63746.9,63419.08,63450.08,365.69
1769051700,63450.08,63824.97,63338.63,63338.63,342.55
1769052000,63338.63,63483.42,63143.78,63143.78,386.56
1769052300,63143.78,63553.02,63023.71,63553.02,122.43
1769052600,63553.02,64344.27,63503.45,64344.27,382.79
1769052900,64344.27,64484.09,63980.16,64220.47,480.55
1769053200,64220.47,64513.72,64145.18,64145.18,367.11
1769053500,64145.18,64145.18,63302.24,63302.24,128.22
1769053800,63302.24,63439.11,63023.43,63349.29,119.18
1769054100,63349.29,63527.4,63007.84,63007.84,149.0
1769054400,63007.84,63070.2,62868.5,63014.68,148.32
1769054700,63014.68,63107.91,62862.2,62964.25,329.55
1769055000,62964.25,63379.92,62964.25,63255.33,218.76
1769055300,63255.33,63900.75,63169.95,63857.59,53.31
1769055600,63857.59,64145.73,63625.34,63809.64,341.01
1769055900,63809.64,64436.45,63809.64,64218.68,152.47
1769056200,64218.68,64355.39,63830.78,63830.78,313.59
1769056500,63830.78,64013.2,63715.25,63943.17,347.4
1769056800,63943.17,64038.93,63556.96,63556.96,407.86
1769057100,63556.96,63613.95,63242.75,63242.75,187.16
1769057400,63242.75,63242.75,62789.85,62882.55,131.65
1769057700,62882.55,62958.01,62662.03,62740.52,376.64
1769058000,62740.52,63230.02,62628.38,63051.7,187.62
1769058300,63051.7,63051.7,62756.76,62780.98,428.23
1769058600,62780.98,63170.52,62649.24,62649.24,436.62
1769058900,62649.24,63539.22,62649.24,63539.22,232.43
1769059200,63539.22,63539.22,62957.45,63247.99,380.16
1769059500,63247.99,63348.48,62861.62,62861.62,281.53
1769059800,62861.62,63154.19,62787.05,63154.19,78.34
1769060100,63154.19,63597.61,63128.65,63583.85,366.95
1769060400,63583.85,63583.85,62681.69,62681.69,282.73
1769060700,62681.69,62681.69,62320.63,62320.63,124.63
1769061000,62320.63,62885.94,62320.63,62699.85,266.94
1769061300,62699.85,62995.02,62614.33,62844.57,307.85
1769061600,62844.57,63392.04,62844.57,63245.35,88.69
1769061900,63245.35,63245.35,62759.33,63003.54,169.25
1769062200,63003.54,63110.45,62709.95,62994.92,239.25
1769062500,62994.92,63195.25,62901.79,63071.66,322.06
1769062800,63071.66,63197.48,62670.97,63114.32,405.99
1769063100,63114.32,63284.23,62806.91,63284.23,177.8
1769063400,63284.23,63585.75,63176.11,63176.11,192.54
1769063700,63176.11,63184.22,62752.98,62752.98,236.47
1769064000,62752.98,62806.3,62533.09,62538.44,347.51
1769064300,62538.44,62538.44,62259.64,62259.64,122.65
1769064600,62259.64,62588.37,62259.64,62588.37,223.58
1769064900,62588.37,62760.25,61939.19,61970.29,346.67
1769065200,61970.29,62107.28,61908.19,62057.79,121.26
1769065500,62057.79,62293.55,62036.92,62177.24,424.94
1769065800,62177.24,62372.9,62177.24,62372.9,98.3
1769066100,62372.9,62898.09,62322.74,62322.74,304.73
1769066400,62322.74,62425.99,62080.72,62425.99,499.71
1769066700,62425.99,62669.0,62180.41,62669.0,421.61
1769067000,62669.0,63221.46,62669.0,63141.73,140.62
1769067300,63141.73,63391.59,62862.9,63300.05,350.61
1769067600,63300.05,63300.05,62431.49,62497.27,272.6
1769067900,62497.27,62817.29,62487.17,62487.17,228.75
1769068200,62487.17,62576.73,62351.52,62351.52,328.19
1769068500,62351.52,62651.05,62245.96,62245.96,437.96
1769068800,62245.96,62683.74,62231.48,62622.61,116.64
1769069100,62622.61,62700.19,61926.8,61926.8,186.75
1769069400,61926.8,61972.3,61565.87,61753.67,214.58
1769069700,61753.67,61835.69,61381.27,61576.1,129.94
1769070000,61576.1,61598.02,60913.72,60913.72,126.88
1769070300,60913.72,60953.08,60615.93,60787.54,172.5
1769070600,60787.54,60787.54,60402.0,60654.38,382.59
1769070900,60654.38,60654.38,60197.31,60564.89,231.97
1769071200,60564.89,60584.7,60202.17,60416.43,110.77
1769071500,60416.43,60432.0,60017.18,60375.42,494.38
1769071800,60375.42,60375.42,59592.06,60000.0,298.07
1769072100,60000.0,60043.91,59736.66,60000.0,54.77
1769072400,60000.0,60256.9,59988.63,60077.0,308.41
1769072700,60077.0,60077.0,59660.58,60000.0,422.41
1769073000,60000.0,60000.0,59445.08,60000.0,176.47
1769073300,60000.0,60000.0,59746.05,60000.0,158.61
1769073600,60000.0,60356.71,59682.85,60000.0,490.9
1769073900,60000.0,60928.78,60000.0,60928.78,166.6
1769074200,60928.78,60946.46,60065.24,60096.26,196.17
1769074500,60096.26,60521.75,60021.48,60332.3,152.73
1769074800,60332.3,60906.77,60332.3,60906.77,272.84
1769075100,60906.77,61454.12,60743.9,61217.54,352.34
1769075400,61217.54,61285.8,60946.0,61005.26,373.97
1769075700,61005.26,61128.55,60889.61,61037.38,395.03
1769076000,61037.38,61443.11,61001.03,61443.11,351.66
1769076300,61443.11,61724.74,61277.56,61277.56,298.9
1769076600,61277.56,61277.56,60817.08,60817.08,464.52
1769076900,60817.08,61307.6,60817.08,61048.32,339.21
1769077200,61048.32,61638.65,61048.32,61204.86,250.03
1769077500,61204.86,61463.0,61074.25,61449.51,397.88
1769077800,61449.51,61449.51,61013.76,61258.58,223.85
1769078100,61258.58,61457.13,61083.51,61455.94,221.85
1769078400,61455.94,61716.48,61282.93,61282.93,421.12
1769078700,61282.93,61548.71,61100.92,61100.92,199.01
1769079000,61100.92,61234.26,60835.94,60835.94,128.56
1769079300,60835.94,61138.79,60768.16,60928.33,410.32
1769079600,60928.33,60986.8,60679.76,60952.83,334.89
1769079900,60952.83,61034.35,60833.1,61034.35,348.92
1769080200,61034.35,61691.1,61034.35,61691.1,413.8
1769080500,61691.1,61793.05,61467.04,61793.05,79.1
1769080800,61793.05,61793.05,61362.96,61362.96,360.05
1769081100,61362.96,61926.94,61262.99,61878.4,214.78
1769081400,61878.4,62061.27,61465.17,61771.38,155.27
1769081700,61771.38,62371.69,61625.45,62250.32,403.97
1769082000,62250.32,62539.25,62127.19,62148.61,127.31
1769082300,62148.61,62148.61,61868.34,62070.97,388.07
1769082600,62070.97,62409.03,62065.32,62216.89,250.44
1769082900,62216.89,62393.9,62161.19,62172.86,183.49
1769083200,62172.86,62172.86,61930.52,62055.36,474.85
1769083500,62055.36,62110.82,61695.47,62001.47,102.87
1769083800,62001.47,62391.91,61735.97,62332.04,339.72
1769084100,62332.04,62521.35,61942.97,62521.35,568.25
1769084400,62521.35,63025.33,62521.35,62738.36,460.83
1769084700,62738.36,62943.61,62628.88,62838.55,156.42
1769085000,62838.55,62925.14,62583.66,62583.66,326.19
1769085300,62583.66,62583.66,62135.75,62265.96,203.76
1769085600,62265.96,63018.76,62090.74,62891.57,305.93
1769085900,62891.57,63274.15,62762.14,62762.14,534.1
1769086200,62762.14,63003.73,62424.88,62688.45,341.5
1769086500,62688.45,62863.86,62599.77,62708.24,344.03
1769086800,62708.24,63507.11,62708.24,63507.11,309.72
1769087100,63507.11,63733.43,63071.28,63071.28,130.11
1769087400,63071.28,63281.94,62842.91,62927.81,490.62
1769087700,62927.81,63066.19,62640.19,62839.69,312.9
1769088000,62839.69,62870.17,62495.83,62542.32,561.38
1769088300,62542.32,63007.08,62542.32,62779.82,532.23
1769088600,62779.82,62934.27,62751.34,62767.11,302.03
1769088900,62767.11,63017.69,62230.9,62230.9,117.54
1769089200,62230.9,62308.18,62153.57,62153.57,369.56
1769089500,62153.57,62153.57,61411.28,61411.28,639.43
1769089800,61411.28,61949.15,61372.42,61753.98,353.89
1769090100,61753.98,61979.7,61445.75,61445.75,654.82
1769090400,61445.75,61523.09,61180.87,61523.09,258.18
1769090700,61523.09,61943.25,61523.09,61943.25,613.33
1769091000,61943.25,61995.52,61585.5,61701.15,568.31
1769091300,61701.15,62219.34,61640.74,62032.98,236.57
1769091600,62032.98,62451.68,61413.94,61413.94,258.63
1769091900,61413.94,61704.42,61187.02,61704.42,543.26
1769092200,61704.42,62009.85,61673.87,61673.87,156.36
1769092500,61673.87,62048.87,61667.09,61896.01,644.87
1769092800,61896.01,62056.07,61678.78,61763.19,623.4
1769093100,61763.19,62182.72,61728.46,62182.72,390.53
1769093400,62182.72,62359.09,62122.6,62122.6,348.35
1769093700,62122.6,62633.73,62122.6,62304.15,511.5
1769094000,62304.15,62304.15,61845.92,61966.21,585.99
1769094300,61966.21,62088.2,61723.2,61799.43,652.52
1769094600,61799.43,61799.43,61472.39,61673.6,180.48
1769094900,61673.6,61697.63,61415.35,61466.99,329.2
1769095200,61466.99,61466.99,60800.53,60800.53,580.23
1769095500,60800.53,60800.53,60402.93,60438.6,605.13
1769095800,60438.6,61005.05,60438.6,60735.03,604.28
1769096100,60735.03,60934.58,60607.68,60607.68,518.0
1769096400,60607.68,60920.54,60543.84,60920.54,719.83
1769096700,60920.54,60985.06,60501.05,60687.23,642.82
1769097000,60687.23,60893.24,60568.15,60580.63,327.26
1769097300,60580.63,61265.97,60580.63,61042.51,362.77
1769097600,61042.51,61093.91,60586.06,60778.99,440.36
1769097900,60778.99,60923.63,60605.04,60711.81,318.28
1769098200,60711.81,61234.51,60588.23,61198.5,593.9
1769098500,61198.5,61202.01,60733.14,60733.14,283.29
1769098800,60733.14,60899.79,60479.69,60636.61,268.24
1769099100,60636.61,61121.4,60636.61,61121.4,617.51
1769099400,61121.4,61310.92,60979.61,61294.9,149.67
1769099700,61294.9,61737.58,61294.9,61311.34,305.54
1769100000,61311.34,61470.71,60822.76,60886.49,216.93
1769100300,60886.49,60886.49,60353.78,60353.78,434.0
1769100600,60353.78,60408.19,59939.49,60000.0,535.69
1769100900,60000.0,60328.47,59660.72,60000.0,516.62
1769101200,60000.0,60000.0,59571.54,60000.0,529.14
1769101500,60000.0,60142.66,59992.73,60142.66,708.41
1769101800,60142.66,60142.66,59498.18,60000.0,456.88
1769102100,60000.0,60250.14,59462.25,60000.0,684.08
1769102400,60000.0,60013.46,59857.18,60000.0,371.7
1769102700,60000.0,60000.0,59131.0,60000.0,556.29
1769103000,60000.0,60191.25,59704.18,60118.66,253.79
1769103300,60118.66,60118.66,59390.21,60000.0,437.11
